"","Sample","plate","lyta","piab","pos"
"1",1.2,4,NA,45,FALSE
"2",1.2,5,45,NA,FALSE
"3",1.3,8,NA,45,FALSE
"4",1.3,9,45,NA,FALSE
"5",1.4,13,45,45,FALSE
"6",1.5,15,45,45,FALSE
"7",1.6,17,45,45,FALSE
"8",2.1,1,45,45,FALSE
"9",2.2,4,NA,45,FALSE
"10",2.2,5,38.4745879823134,NA,NA
"11",2.3,8,NA,45,FALSE
"12",2.3,9,45,NA,FALSE
"13",2.4,13,45,45,FALSE
"14",2.5,15,45,45,FALSE
"15",2.6,17,45,45,FALSE
"16",3.2,4,NA,26.0962915435147,NA
"17",3.2,5,25.0650798275618,NA,NA
"18",3.3,8,NA,20.0712638105098,NA
"19",3.3,9,21.2552040987865,NA,NA
"20",3.4,13,45,33.2800355472053,FALSE
"21",3.5,15,23.0670993799938,21.9782357615276,TRUE
"22",3.6,17,27.5833702183879,26.7187939421651,TRUE
"23",4.1,1,45,37.0366572789192,FALSE
"24",4.1,4,NA,37.0364200120978,NA
"25",4.1,5,45,NA,FALSE
"26",4.1,9,27.4314497332336,NA,NA
"27",4.2,4,NA,45,FALSE
"28",4.2,5,45,NA,FALSE
"29",4.3,8,NA,45,FALSE
"30",4.3,9,45,NA,FALSE
"31",4.4,13,45,45,FALSE
"32",4.5,15,45,45,FALSE
"33",4.6,17,45,45,FALSE
"34",5.1,1,45,45,FALSE
"35",5.2,4,NA,45,FALSE
"36",5.2,5,45,NA,FALSE
"37",5.3,8,NA,45,FALSE
"38",5.3,9,45,NA,FALSE
"39",5.4,13,21.652628358987,45,FALSE
"40",5.5,15,24.6903749685355,45,FALSE
"41",5.5,17,27.5355735361832,NA,NA
"42",5.6,17,NA,45,FALSE
"43",6.2,4,NA,45,FALSE
"44",6.2,5,29.3851734014072,NA,NA
"45",6.3,8,NA,45,FALSE
"46",6.3,9,30.2699426466838,NA,NA
"47",6.4,13,24.1040784544396,45,FALSE
"48",6.5,15,22.045583140502,45,FALSE
"49",6.6,17,25.2134754717604,45,FALSE
"50",7.1,1,45,40.1621348986912,FALSE
"51",7.1,4,NA,45,FALSE
"52",7.1,5,45,NA,FALSE
"53",7.1,9,45,NA,FALSE
"54",7.2,4,NA,45,FALSE
"55",7.2,5,45,NA,FALSE
"56",7.3,8,NA,45,FALSE
"57",7.3,9,45,NA,FALSE
"58",7.4,13,45,45,FALSE
"59",7.5,15,45,45,FALSE
"60",7.6,17,45,45,FALSE
"61",8.2,4,NA,45,FALSE
"62",8.2,5,45,NA,FALSE
"63",8.3,8,NA,45,FALSE
"64",8.3,9,45,NA,FALSE
"65",8.4,13,45,45,FALSE
"66",8.5,15,45,45,FALSE
"67",8.6,17,45,45,FALSE
"68",9.1,1,33.6282401803122,45,FALSE
"69",9.2,4,NA,45,FALSE
"70",9.2,5,45,NA,FALSE
"71",9.3,8,NA,45,FALSE
"72",9.3,9,45,NA,FALSE
"73",9.4,13,45,45,FALSE
"74",9.5,15,45,45,FALSE
"75",9.6,17,45,45,FALSE
"76",10.1,1,45,45,FALSE
"77",10.2,4,NA,45,FALSE
"78",10.2,5,45,NA,FALSE
"79",10.3,8,NA,45,FALSE
"80",10.3,9,45,NA,FALSE
"81",10.4,13,NA,45,FALSE
"82",10.5,15,45,45,FALSE
"83",10.6,17,45,45,FALSE
"84",11.1,1,21.5647582630379,45,FALSE
"85",11.2,4,NA,45,FALSE
"86",11.2,5,22.7481955094564,NA,NA
"87",11.3,8,NA,45,FALSE
"88",11.3,9,20.2569763920983,NA,NA
"89",11.4,13,24.5914040842433,45,FALSE
"90",11.5,15,45,45,FALSE
"91",11.6,17,45,45,FALSE
"92",12.1,1,39.2593742165286,45,FALSE
"93",12.2,4,NA,45,FALSE
"94",12.2,5,38.256968245671,NA,NA
"95",12.3,8,NA,45,FALSE
"96",12.3,9,45,NA,FALSE
"97",12.3,13,45,45,FALSE
"98",12.5,15,45,45,FALSE
"99",12.6,17,45,45,FALSE
"100",13.1,1,45,45,FALSE
"101",13.2,4,NA,45,FALSE
"102",13.2,5,45,NA,FALSE
"103",13.3,8,NA,45,FALSE
"104",13.3,9,45,NA,FALSE
"105",13.4,13,45,45,FALSE
"106",13.5,15,45,45,FALSE
"107",13.6,17,45,45,FALSE
"108",14.1,1,45,45,FALSE
"109",14.2,4,NA,45,FALSE
"110",14.2,5,45,NA,FALSE
"111",14.3,8,NA,45,FALSE
"112",14.3,9,45,NA,FALSE
"113",14.4,13,45,45,FALSE
"114",14.5,16,40.1101231346528,45,FALSE
"115",14.6,17,45,45,FALSE
"116",15.1,1,45,45,FALSE
"117",15.2,4,NA,45,FALSE
"118",15.2,5,45,NA,FALSE
"119",15.3,8,NA,45,FALSE
"120",15.3,9,45,NA,FALSE
"121",15.4,13,45,45,FALSE
"122",15.5,16,45,45,FALSE
"123",15.6,17,45,45,FALSE
"124",16.1,1,45,45,FALSE
"125",16.2,4,NA,45,FALSE
"126",16.2,5,37.0409523125154,NA,NA
"127",16.3,8,NA,45,FALSE
"128",16.3,9,45,NA,FALSE
"129",16.4,14,44.4606986058463,NA,FALSE
"130",16.5,16,45,45,FALSE
"131",16.6,17,45,45,FALSE
"132",17.1,1,45,45,FALSE
"133",17.2,4,NA,38.8901203839044,NA
"134",17.2,5,45,NA,FALSE
"135",17.3,8,NA,45,FALSE
"136",17.3,9,45,NA,FALSE
"137",17.4,14,40.4470182981976,NA,FALSE
"138",17.5,16,45,45,FALSE
"139",17.6,18,45,45,FALSE
"140",18.1,1,45,45,FALSE
"141",18.2,4,NA,45,FALSE
"142",18.2,5,45,NA,FALSE
"143",18.3,8,NA,45,FALSE
"144",18.3,9,45,NA,FALSE
"145",18.4,14,45,NA,FALSE
"146",18.5,16,45,45,FALSE
"147",18.6,18,45,45,FALSE
"148",19.2,4,NA,45,FALSE
"149",19.2,5,45,NA,FALSE
"150",19.3,8,NA,45,FALSE
"151",19.3,9,45,NA,FALSE
"152",19.4,14,43.4548619557197,NA,FALSE
"153",19.5,16,45,45,FALSE
"154",19.6,18,45,45,FALSE
"155",20.1,1,45,45,FALSE
"156",20.2,4,NA,45,FALSE
"157",20.2,5,45,NA,FALSE
"158",20.3,8,NA,45,FALSE
"159",20.3,9,45,NA,FALSE
"160",20.4,14,45,NA,FALSE
"161",20.6,18,45,45,FALSE
"162",21.1,1,45,45,FALSE
"163",21.2,4,NA,45,FALSE
"164",21.2,5,45,NA,FALSE
"165",21.3,8,NA,45,FALSE
"166",21.3,9,45,NA,FALSE
"167",21.4,14,44.9004801610896,NA,FALSE
"168",21.6,18,45,45,FALSE
"169",22.1,1,45,45,FALSE
"170",22.2,4,NA,45,FALSE
"171",22.2,5,45,NA,FALSE
"172",22.3,8,NA,45,FALSE
"173",22.3,9,45,NA,FALSE
"174",22.4,14,45,NA,FALSE
"175",22.5,16,45,45,FALSE
"176",22.6,18,45,45,FALSE
"177",23.1,1,45,45,FALSE
"178",23.2,4,NA,45,FALSE
"179",23.2,5,45,NA,FALSE
"180",23.2,9,45,NA,FALSE
"181",23.3,8,NA,45,FALSE
"182",23.4,14,45,NA,FALSE
"183",23.5,16,45,45,FALSE
"184",23.6,18,45,45,FALSE
"185",24.1,1,45,45,FALSE
"186",24.2,4,NA,45,FALSE
"187",24.2,5,45,NA,FALSE
"188",24.3,8,NA,45,FALSE
"189",24.3,9,45,NA,FALSE
"190",24.5,16,45,45,FALSE
"191",24.6,18,45,45,FALSE
"192",25.1,1,45,45,FALSE
"193",25.2,4,NA,45,FALSE
"194",25.2,5,38.716500355621,NA,NA
"195",25.3,8,NA,45,FALSE
"196",25.3,9,45,NA,FALSE
"197",25.4,14,45,NA,FALSE
"198",25.5,16,45,45,FALSE
"199",25.6,18,45,45,FALSE
"200",26.1,1,45,45,FALSE
"201",26.2,4,NA,45,FALSE
"202",26.2,5,37.0017576358758,NA,NA
"203",26.3,8,NA,45,FALSE
"204",26.3,9,38.4276408411643,NA,NA
"205",26.4,14,44.0562714644431,NA,FALSE
"206",26.5,16,45,45,FALSE
"207",26.6,18,45,45,FALSE
"208",27.1,1,45,45,FALSE
"209",27.2,4,NA,45,FALSE
"210",27.2,5,45,NA,FALSE
"211",27.3,9,45,NA,FALSE
"212",27.3,10,NA,45,FALSE
"213",27.3,11,45,NA,FALSE
"214",27.3,12,45,NA,FALSE
"215",27.4,14,45,NA,FALSE
"216",27.5,16,45,45,FALSE
"217",27.6,18,45,45,FALSE
"218",28.1,1,22.1766692607417,45,FALSE
"219",28.2,4,NA,45,FALSE
"220",28.2,5,26.3403484881413,NA,NA
"221",28.3,9,25.1002164801498,NA,NA
"222",28.3,10,NA,45,FALSE
"223",28.3,11,22.08039861251,NA,NA
"224",28.3,12,20.7904289784781,NA,NA
"225",28.4,14,25.8095156880442,NA,NA
"226",28.5,16,24.1616581389243,45,FALSE
"227",28.6,18,25.3079150524217,45,FALSE
"228",29.1,1,24.2455652392519,45,FALSE
"229",29.2,4,NA,45,FALSE
"230",29.2,5,21.6027603181027,NA,NA
"231",29.3,9,31.9848170944523,NA,NA
"232",29.3,10,NA,45,FALSE
"233",29.3,11,23.4373639473608,NA,NA
"234",29.3,12,22.0573303742458,NA,NA
"235",29.4,14,26.0112651807349,NA,NA
"236",29.5,16,25.9547643608801,45,FALSE
"237",29.6,18,28.7255329411526,45,FALSE
"238",30.1,1,45,45,FALSE
"239",30.2,4,NA,45,FALSE
"240",30.2,5,45,NA,FALSE
"241",30.3,9,45,NA,FALSE
"242",30.3,10,NA,45,FALSE
"243",30.3,11,45,NA,FALSE
"244",30.3,12,45,NA,FALSE
"245",30.4,14,45,NA,FALSE
"246",30.5,16,45,45,FALSE
"247",30.6,18,45,45,FALSE
"248",31.1,1,45,45,FALSE
"249",31.2,4,NA,45,FALSE
"250",31.2,5,45,NA,FALSE
"251",31.3,9,45,NA,FALSE
"252",31.3,10,NA,45,FALSE
"253",31.3,11,45,NA,FALSE
"254",31.3,12,45,NA,FALSE
"255",31.4,14,43.8316244038288,NA,FALSE
"256",31.5,16,45,45,FALSE
"257",31.6,18,45,45,FALSE
"258",32.1,1,45,45,FALSE
"259",32.2,4,NA,45,FALSE
"260",32.2,5,45,NA,FALSE
"261",32.3,9,45,NA,FALSE
"262",32.3,10,NA,45,FALSE
"263",32.3,11,45,NA,FALSE
"264",32.3,12,45,NA,FALSE
"265",32.4,14,45,NA,FALSE
"266",32.5,16,45,45,FALSE
"267",32.6,18,45,45,FALSE
"268",33.2,4,NA,29.3349386271749,NA
"269",33.2,5,28.9411367216727,NA,NA
"270",33.3,10,NA,27.0918360954138,NA
"271",33.3,11,27.1988854542884,NA,NA
"272",33.3,12,25.9496764545946,NA,NA
"273",33.4,5,21.9814716138855,NA,NA
"274",33.4,14,23.3299411834145,NA,NA
"275",33.5,16,45,45,FALSE
"276",33.6,18,33.5028061460122,30.793714843215,TRUE
"277",34.1,1,22.1469421203051,45,FALSE
"278",34.2,4,NA,38.4421703340177,NA
"279",34.2,5,22.1343538455459,NA,NA
"280",34.3,10,NA,45,FALSE
"281",34.3,11,22.9753480353861,NA,NA
"282",34.3,12,21.3821289768666,NA,NA
"283",34.4,14,23.6153773230255,NA,NA
"284",34.5,16,25.7460587143805,45,FALSE
"285",34.6,18,25.6514980062253,45,FALSE
"286",35.1,1,19.9550024017987,45,FALSE
"287",35.2,4,NA,45,FALSE
"288",35.2,5,23.7033767519504,NA,NA
"289",35.3,10,NA,45,FALSE
"290",35.3,11,21.8185598602083,NA,NA
"291",35.3,12,20.2879126892832,NA,NA
"292",35.4,14,24.6395044856326,NA,NA
"293",35.5,16,23.5969307241439,45,FALSE
"294",35.6,18,26.5573478227013,45,FALSE
"295",36.2,6,NA,45,FALSE
"296",36.2,7,26.43865573,NA,NA
"297",36.3,10,NA,45,FALSE
"298",36.3,11,22.8003047382683,NA,NA
"299",36.3,12,21.1655135943593,NA,NA
"300",36.4,14,21.6202953853141,NA,NA
"301",36.5,16,26.8018206108438,38.5339690960164,TRUE
"302",36.6,18,24.7326810394756,45,FALSE
"303",37.1,1,45,42.9538161396531,FALSE
"304",37.1,4,NA,45,FALSE
"305",37.1,5,45,NA,FALSE
"306",37.1,9,45,NA,FALSE
"307",37.2,6,NA,45,FALSE
"308",37.2,7,45,NA,FALSE
"309",37.3,10,NA,45,FALSE
"310",37.3,11,45,NA,FALSE
"311",37.3,12,45,NA,FALSE
"312",37.4,14,45,NA,FALSE
"313",37.5,16,45,45,FALSE
"314",37.6,18,45,45,FALSE
"315",38.1,1,45,45,FALSE
"316",39.1,1,40.4175777768269,45,FALSE
"317",40.1,1,45,45,FALSE
"318",40.2,6,NA,39.9724892171153,NA
"319",40.2,7,45,NA,FALSE
"320",40.3,10,NA,45,FALSE
"321",40.3,11,45,NA,FALSE
"322",40.3,12,37.1850855225861,NA,NA
"323",40.4,13,45,NA,FALSE
"324",40.4,14,45,NA,FALSE
"325",40.5,16,45,45,FALSE
"326",40.6,18,45,45,FALSE
"327",41.2,6,NA,22.0931602829382,NA
"328",41.2,7,20.38183456,NA,NA
"329",41.3,10,NA,27.5690200473133,NA
"330",41.3,11,38.0952848610418,NA,NA
"331",41.3,12,25.1152540481668,NA,NA
"332",41.4,14,20.2283445892635,NA,NA
"333",41.5,16,23.4085931558306,22.9196101564778,TRUE
"334",41.6,18,19.1687704204476,17.821008263282,TRUE
"335",42.1,1,45,35.9988161990365,FALSE
"336",42.1,4,NA,45,FALSE
"337",42.1,5,45,NA,FALSE
"338",42.1,9,45,NA,FALSE
"339",42.2,6,NA,45,FALSE
"340",42.2,7,45,NA,FALSE
"341",42.3,10,NA,45,FALSE
"342",42.3,11,45,NA,FALSE
"343",42.3,12,45,NA,FALSE
"344",42.4,14,45,NA,FALSE
"345",42.5,16,45,45,FALSE
"346",42.6,18,45,45,FALSE
"347",43.1,1,45,45,FALSE
"348",43.2,6,NA,45,FALSE
"349",43.2,7,37.47612385,NA,NA
"350",43.3,10,NA,38.304431456844,NA
"351",43.3,11,37.1095830152808,NA,NA
"352",43.3,12,45,NA,FALSE
"353",43.4,14,45,NA,FALSE
"354",43.5,16,45,45,FALSE
"355",43.6,18,45,38.9017818975391,FALSE
"356",44.1,1,45,37.3141475272678,FALSE
"357",44.2,6,NA,45,FALSE
"358",44.2,7,45,NA,FALSE
"359",44.3,10,NA,45,FALSE
"360",44.3,11,45,NA,FALSE
"361",44.3,12,45,NA,FALSE
"362",44.4,14,33.091408581142,NA,NA
"363",44.5,16,45,45,FALSE
"364",44.6,18,45,45,FALSE
"365",45.1,1,45,37.2297331466863,FALSE
"366",45.1,4,NA,45,FALSE
"367",45.1,5,45,NA,FALSE
"368",45.1,9,45,NA,FALSE
"369",45.2,6,NA,45,FALSE
"370",45.2,7,45,NA,FALSE
"371",45.3,10,NA,45,FALSE
"372",45.3,11,38.5050730578286,NA,NA
"373",45.3,12,45,NA,FALSE
"374",45.4,14,45,NA,FALSE
"375",45.5,16,45,45,FALSE
"376",45.6,18,45,45,FALSE
"377",46.1,1,38.4198869178005,45,FALSE
"378",46.2,6,NA,45,FALSE
"379",46.2,7,45,NA,FALSE
"380",46.3,10,NA,45,FALSE
"381",46.3,11,45,NA,FALSE
"382",46.3,12,45,NA,FALSE
"383",46.4,14,45,NA,FALSE
"384",46.5,16,39.4456423749819,45,FALSE
"385",46.6,18,45,45,FALSE
"386",47.1,1,45,40.4697611438442,FALSE
"387",47.2,6,NA,45,FALSE
"388",47.2,7,45,NA,FALSE
"389",47.3,10,NA,45,FALSE
"390",47.3,11,36.9616698480213,NA,NA
"391",47.3,12,45,NA,FALSE
"392",47.4,14,45,NA,FALSE
"393",47.5,16,45,45,FALSE
"394",47.6,18,45,45,FALSE
"395",50.1,1,37.689618623943,45,FALSE
"396",50.2,6,NA,45,FALSE
"397",50.2,7,25.07631254,NA,NA
"398",50.3,10,NA,45,FALSE
"399",50.3,11,29.1631913727106,NA,NA
"400",50.3,12,27.2256969550242,NA,NA
"401",50.4,14,26.2492143423172,NA,NA
"402",50.5,16,29.4189050744338,45,FALSE
"403",50.6,18,30.0314150789465,45,FALSE
"404",51.1,1,45,45,FALSE
"405",51.2,6,NA,45,FALSE
"406",51.2,7,36.80744468,NA,NA
"407",51.3,10,NA,45,FALSE
"408",51.3,11,37.1031630316145,NA,NA
"409",51.3,12,36.9289025868624,NA,NA
"410",51.4,14,39.6782346063049,NA,NA
"411",51.5,16,45,45,FALSE
"412",51.6,18,44.8094145431389,45,FALSE
"413",52.1,2,45,45,FALSE
"414",52.2,6,NA,45,FALSE
"415",52.2,7,45,NA,FALSE
"416",52.3,10,NA,45,FALSE
"417",52.3,11,45,NA,FALSE
"418",52.3,12,35.9145262666554,NA,NA
"419",52.4,14,45,NA,FALSE
"420",52.5,16,45,45,FALSE
"421",52.6,18,45,45,FALSE
"422",53.1,2,45,45,FALSE
"423",53.2,6,NA,45,FALSE
"424",53.2,7,45,NA,FALSE
"425",53.3,10,NA,45,FALSE
"426",53.3,11,45,NA,FALSE
"427",53.3,12,45,NA,FALSE
"428",53.4,14,45,NA,FALSE
"429",53.5,16,45,45,FALSE
"430",53.6,18,45,45,FALSE
"431",54.1,2,45,45,FALSE
"432",54.2,6,NA,45,FALSE
"433",54.2,7,45,NA,FALSE
"434",54.3,10,NA,45,FALSE
"435",54.3,11,45,NA,FALSE
"436",54.3,12,45,NA,FALSE
"437",54.4,14,45,NA,FALSE
"438",54.5,16,45,45,FALSE
"439",54.6,18,45,45,FALSE
"440",55.1,2,45,45,FALSE
"441",55.2,6,NA,45,FALSE
"442",55.2,7,45,NA,FALSE
"443",55.3,10,NA,45,FALSE
"444",55.3,11,45,NA,FALSE
"445",55.3,12,45,NA,FALSE
"446",55.4,14,45,NA,FALSE
"447",55.5,16,45,38.9183818612371,FALSE
"448",55.6,18,45,45,FALSE
"449",56.1,2,45,45,FALSE
"450",56.2,6,NA,45,FALSE
"451",56.2,7,45,NA,FALSE
"452",56.3,10,NA,45,FALSE
"453",56.3,11,45,NA,FALSE
"454",56.3,12,45,NA,FALSE
"455",56.4,19,45,45,FALSE
"456",56.5,16,45,45,FALSE
"457",56.6,18,45,45,FALSE
"458",57.2,6,NA,45,FALSE
"459",57.2,7,45,NA,FALSE
"460",57.3,10,NA,45,FALSE
"461",57.3,11,38.7474558815533,NA,NA
"462",57.3,12,45,NA,FALSE
"463",57.4,19,45,45,FALSE
"464",57.5,16,45,45,FALSE
"465",57.6,18,45,45,FALSE
"466",60.2,6,NA,45,FALSE
"467",60.2,7,31.89237611,NA,NA
"468",60.3,10,NA,45,FALSE
"469",60.3,11,31.0302567028728,NA,NA
"470",60.3,12,29.6684796570006,NA,NA
"471",60.4,14,36.4159608332748,NA,NA
"472",60.5,16,31.7776620529965,45,FALSE
"473",60.6,18,38.499271860713,45,FALSE
"474",61.1,2,24.458202823538,45,FALSE
"475",61.2,6,NA,45,FALSE
"476",61.2,7,29.12968156,NA,NA
"477",61.3,10,NA,45,FALSE
"478",61.3,11,35.1792508006858,NA,NA
"479",61.3,12,33.3339823225683,NA,NA
"480",61.4,14,45,NA,FALSE
"481",61.5,16,39.7104664885872,45,FALSE
"482",61.6,18,41.7897636751788,45,FALSE
"483",62.1,2,45,45,FALSE
"484",62.3,10,NA,45,FALSE
"485",62.3,11,45,NA,FALSE
"486",62.3,12,45,NA,FALSE
"487",62.4,14,45,NA,FALSE
"488",62.5,16,35.5413483753388,33.5454960069469,TRUE
"489",62.6,18,45,45,FALSE
"490",63.3,10,NA,45,FALSE
"491",63.3,11,45,NA,FALSE
"492",63.3,12,45,NA,FALSE
"493",63.4,14,45,NA,FALSE
"494",63.5,17,45,45,FALSE
"495",63.6,18,34.8908047358396,32.5740357870963,TRUE
"496",64.1,2,21.9993369849721,45,FALSE
"497",64.2,6,NA,45,FALSE
"498",64.2,7,28.24154219,NA,NA
"499",64.3,10,NA,45,FALSE
"500",64.3,11,23.6683502575944,NA,NA
"501",64.3,12,22.7380877068864,NA,NA
"502",64.4,14,25.0895815323971,NA,NA
"503",64.5,17,24.5710044785636,45,FALSE
"504",64.6,19,29.0491929700786,45,FALSE
"505",65.1,2,45,45,FALSE
"506",65.2,6,NA,45,FALSE
"507",65.2,7,45,NA,FALSE
"508",65.3,10,NA,36.9569941890768,NA
"509",65.3,11,45,NA,FALSE
"510",65.3,12,45,NA,FALSE
"511",65.4,15,45,45,FALSE
"512",65.5,17,45,45,FALSE
"513",65.6,19,45,45,FALSE
"514",66.1,2,45,45,FALSE
"515",66.2,6,NA,45,FALSE
"516",66.2,7,45,NA,FALSE
"517",66.3,10,NA,45,FALSE
"518",66.3,11,38.3730362319526,NA,NA
"519",66.3,12,45,NA,FALSE
"520",66.4,15,45,45,FALSE
"521",66.5,17,45,45,FALSE
"522",66.6,19,45,45,FALSE
"523",67.1,2,45,45,FALSE
"524",67.2,6,NA,45,FALSE
"525",67.2,7,45,NA,FALSE
"526",67.3,10,NA,45,FALSE
"527",67.3,11,38.5670477499732,NA,NA
"528",67.3,12,45,NA,FALSE
"529",67.4,15,45,45,FALSE
"530",67.5,17,45,45,FALSE
"531",67.6,19,45,45,FALSE
"532",68.1,2,45,45,FALSE
"533",68.2,6,NA,45,FALSE
"534",68.2,7,45,NA,FALSE
"535",68.3,10,NA,45,FALSE
"536",68.3,11,45,NA,FALSE
"537",68.3,12,45,NA,FALSE
"538",68.4,15,45,45,FALSE
"539",68.5,17,45,45,FALSE
"540",68.6,19,45,38.8639298355437,FALSE
"541",69.1,2,45,45,FALSE
"542",69.2,6,NA,45,FALSE
"543",69.2,7,45,NA,FALSE
"544",69.3,10,NA,45,FALSE
"545",69.3,11,45,NA,FALSE
"546",69.3,12,45,NA,FALSE
"547",69.4,15,45,45,FALSE
"548",69.5,17,45,45,FALSE
"549",69.6,19,45,38.8073732516555,FALSE
"550",70.1,2,45,45,FALSE
"551",70.2,6,NA,45,FALSE
"552",70.2,7,45,NA,FALSE
"553",70.3,10,NA,45,FALSE
"554",70.3,11,45,NA,FALSE
"555",70.3,12,45,NA,FALSE
"556",70.4,15,45,45,FALSE
"557",70.5,17,45,45,FALSE
"558",70.6,19,45,45,FALSE
"559",71.1,2,45,45,FALSE
"560",71.2,6,NA,45,FALSE
"561",71.2,7,45,NA,FALSE
"562",71.3,10,NA,45,FALSE
"563",71.3,11,45,NA,FALSE
"564",71.3,12,36.5231087447518,NA,NA
"565",71.4,15,45,45,FALSE
"566",71.5,17,45,45,FALSE
"567",71.6,19,45,45,FALSE
"568",72.1,2,28.1815254398646,45,FALSE
"569",72.2,6,NA,45,FALSE
"570",72.2,7,27.98955705,NA,NA
"571",72.3,10,NA,45,FALSE
"572",72.3,11,27.2663887274767,NA,NA
"573",72.3,12,25.802467059568,NA,NA
"574",72.4,15,29.8241447923726,45,FALSE
"575",72.5,17,28.1785974440536,45,FALSE
"576",72.6,19,27.7519955558607,45,FALSE
"577",73.1,2,45,45,FALSE
"578",73.2,6,NA,45,FALSE
"579",73.2,7,45,NA,FALSE
"580",73.3,10,NA,45,FALSE
"581",73.3,11,30.5070637060291,NA,NA
"582",73.3,12,28.3215402443637,NA,NA
"583",73.4,15,45,45,FALSE
"584",73.5,17,45,45,FALSE
"585",73.6,19,45,45,FALSE
"586",74.2,6,NA,45,FALSE
"587",74.2,7,32.38303101,NA,NA
"588",74.3,13,37.0374604477967,NA,NA
"589",74.4,13,NA,45,FALSE
"590",74.4,15,45,45,FALSE
"591",74.5,17,37.5143690846193,45,FALSE
"592",74.6,19,38.2541024970001,45,FALSE
"593",75.1,2,21.1652831298916,45,FALSE
"594",75.2,6,NA,45,FALSE
"595",75.2,7,23.06153883,NA,NA
"596",75.3,13,26.8422486276714,45,FALSE
"597",75.4,15,45,45,FALSE
"598",75.5,17,27.3134398310376,45,FALSE
"599",75.6,19,27.1553687248027,45,FALSE
"600",76.1,2,28.6818430905257,45,FALSE
"601",76.2,6,NA,45,FALSE
"602",76.2,7,31.3541825,NA,NA
"603",76.3,13,37.1662262731377,45,FALSE
"604",76.4,15,33.68267427714,45,FALSE
"605",76.5,17,33.8209608824963,45,FALSE
"606",76.6,19,35.0968188473657,45,FALSE
"607",77.1,2,45,45,FALSE
"608",77.2,6,NA,45,FALSE
"609",77.2,7,45,NA,FALSE
"610",77.3,13,45,38.2174011412926,FALSE
"611",77.4,15,45,45,FALSE
"612",77.5,17,45,45,FALSE
"613",77.6,19,45,45,FALSE
"614",78.1,2,45,45,FALSE
"615",78.2,6,NA,38.7699715583047,NA
"616",78.2,7,45,NA,FALSE
"617",78.3,13,45,45,FALSE
"618",78.4,15,45,45,FALSE
"619",78.5,17,45,45,FALSE
"620",78.6,19,45,45,FALSE
"621",79.1,2,20.8174668336491,45,FALSE
"622",79.2,6,NA,45,FALSE
"623",79.2,7,24.71436389,NA,NA
"624",79.3,13,25.7941220541551,32.454004445647,TRUE
"625",79.4,15,23.525918120754,45,FALSE
"626",79.5,17,23.9370535070123,45,FALSE
"627",79.6,19,24.7081726562772,45,FALSE
"628",80.1,2,45,45,FALSE
"629",80.2,6,NA,45,FALSE
"630",80.2,7,45,NA,FALSE
"631",80.3,13,45,45,FALSE
"632",80.4,15,45,45,FALSE
"633",80.5,17,45,45,FALSE
"634",80.6,19,45,45,FALSE
"635",81.1,2,45,45,FALSE
"636",81.2,6,NA,45,FALSE
"637",81.2,7,45,NA,FALSE
"638",81.3,13,45,45,FALSE
"639",81.4,15,45,45,FALSE
"640",81.5,17,45,45,FALSE
"641",81.6,19,45,45,FALSE
"642",82.1,2,45,45,FALSE
"643",82.2,6,NA,45,FALSE
"644",82.2,7,45,NA,FALSE
"645",82.3,13,45,45,FALSE
"646",82.4,15,45,45,FALSE
"647",82.5,17,45,45,FALSE
"648",82.6,19,45,45,FALSE
"649",83.1,2,45,45,FALSE
"650",83.2,6,NA,45,FALSE
"651",83.2,7,45,NA,FALSE
"652",83.3,13,45,45,FALSE
"653",83.4,15,45,45,FALSE
"654",83.5,17,45,45,FALSE
"655",83.6,19,45,45,FALSE
"656",84.1,2,43.924573695327,45,FALSE
"657",84.2,6,NA,45,FALSE
"658",84.2,7,45,NA,FALSE
"659",84.3,13,45,45,FALSE
"660",84.4,15,45,45,FALSE
"661",84.5,17,45,45,FALSE
"662",84.6,19,45,45,FALSE
"663",85.1,2,45,45,FALSE
"664",85.2,8,NA,45,FALSE
"665",85.2,9,45,NA,FALSE
"666",85.3,13,45,45,FALSE
"667",85.4,15,45,45,FALSE
"668",85.5,17,45,45,FALSE
"669",85.6,19,45,45,FALSE
"670",86.1,2,45,45,FALSE
"671",86.2,8,NA,45,FALSE
"672",86.2,9,45,NA,FALSE
"673",86.3,13,45,45,FALSE
"674",86.4,15,45,45,FALSE
"675",86.5,17,45,45,FALSE
"676",86.6,19,45,45,FALSE
"677",87.1,2,45,45,FALSE
"678",87.2,8,NA,45,FALSE
"679",87.2,9,45,NA,FALSE
"680",87.3,13,45,45,FALSE
"681",87.4,15,45,45,FALSE
"682",87.5,17,45,45,FALSE
"683",87.6,19,45,45,FALSE
"684",88.1,2,45,45,FALSE
"685",88.2,8,NA,45,FALSE
"686",88.2,9,39.3850897980494,NA,NA
"687",88.3,13,45,45,FALSE
"688",88.4,15,45,45,FALSE
"689",88.5,19,45,45,FALSE
"690",89.1,2,45,45,FALSE
"691",89.2,8,NA,45,FALSE
"692",89.2,9,45,NA,FALSE
"693",89.3,13,45,45,FALSE
"694",89.4,15,45,45,FALSE
"695",89.5,19,45,45,FALSE
"696",90.1,2,45,45,FALSE
"697",90.2,8,NA,45,FALSE
"698",90.2,9,45,NA,FALSE
"699",90.3,13,45,45,FALSE
"700",90.4,15,45,45,FALSE
"701",90.4,19,45,45,FALSE
"702",90.5,19,45,45,FALSE
"703",91.1,2,45,45,FALSE
"704",91.2,8,NA,45,FALSE
"705",91.2,9,45,NA,FALSE
"706",91.3,13,45,45,FALSE
"707",91.4,19,45,45,FALSE
"708",91.5,19,45,45,FALSE
"709",92.1,2,24.441560671893,31.5585223293265,TRUE
"710",92.2,8,NA,45,FALSE
"711",92.2,9,25.6826634956719,NA,NA
"712",92.3,13,26.9719196128003,45,FALSE
"713",92.4,19,26.0771738217182,45,FALSE
"714",93.1,2,45,45,FALSE
"715",93.2,8,NA,45,FALSE
"716",93.2,9,45,NA,FALSE
"717",93.3,13,45,45,FALSE
"718",93.4,19,45,45,FALSE
"719",94.1,2,45,45,FALSE
"720",94.2,8,NA,45,FALSE
"721",94.2,9,45,NA,FALSE
"722",94.3,13,45,45,FALSE
"723",94.4,19,45,45,FALSE
"724",95.1,2,45,45,FALSE
"725",95.2,9,45,NA,FALSE
"726",95.3,8,NA,45,FALSE
"727",95.3,13,45,45,FALSE
"728",95.4,19,45,45,FALSE
"729",96.1,2,45,45,FALSE
"730",96.2,8,NA,45,FALSE
"731",96.2,9,45,NA,FALSE
"732",96.3,13,45,45,FALSE
"733",96.4,15,45,38.5262851930779,FALSE
"734",97.1,2,45,45,FALSE
"735",97.2,8,NA,45,FALSE
"736",97.2,9,45,NA,FALSE
"737",97.3,13,45,45,FALSE
"738",97.4,15,45,45,FALSE
"739",98.1,2,45,45,FALSE
"740",98.2,8,NA,45,FALSE
"741",98.2,9,45,NA,FALSE
"742",98.3,13,45,45,FALSE
"743",98.4,19,45,45,FALSE
"744",99.1,4,NA,45,FALSE
"745",99.1,5,45,NA,FALSE
"746",99.2,8,NA,45,FALSE
"747",99.2,9,45,NA,FALSE
"748",99.3,13,45,45,FALSE
"749",99.4,19,45,45,FALSE
